Block Size (MB),Trial Num,Allocation Time (ms),Write Time (ms),Read Time (ms),Free Time (ms)
100,1,56,40372,80735,588
100,2,695,40368,80734,585
100,3,42,40366,80733,22
100,4,583,40371,80763,595
100,5,70,40367,80734,22
100,6,104,40370,80735,25
100,7,54,40367,80731,22
100,8,54,40367,80732,25
100,9,51,40366,80733,22
100,10,51,40367,80732,24
100,11,51,40367,80743,25
100,12,82,40372,80752,25
100,13,62,40371,80746,24
100,14,78,40381,80732,25
100,15,57,40366,80732,22
100,16,63,40368,80731,24
100,17,53,40367,80731,22
100,18,62,40367,80731,24
100,19,53,40369,80730,22
100,20,1,40365,80754,26
100,21,538,40369,80740,583
100,22,90,40368,80754,23
100,23,2,40366,80733,23
100,24,65,40368,80735,23
100,25,79,40365,80732,22
100,26,1,40365,80732,22
100,27,52,40369,80729,24
100,28,75,40368,80746,25
100,29,4,40368,80740,23
100,30,1,40367,80760,26
100,31,557,40368,80742,582
100,32,114,40368,80736,23
100,33,2,40374,80734,24
100,34,1,40367,80740,22
100,35,72,40368,80732,25
100,36,105,40367,80754,24
100,37,5,40371,80732,23
100,38,1,40369,80738,24
100,39,1,40367,80731,26
100,40,72,40367,80733,593
100,41,144,40371,80733,23
100,42,2,40365,80732,23
100,43,1,40365,80732,23
100,44,1,40365,80733,23
100,45,66,40368,80756,25
100,46,139,40367,80735,23
100,47,1,40388,80737,26
100,48,5,40368,80741,24
100,49,1,40366,80736,23
100,50,1,40370,80735,24
100,51,648,40367,80735,585
100,52,165,40369,80733,23
100,53,1,40366,80737,23
100,54,1,40369,80733,23
100,55,1,40371,80747,25
100,56,3,40366,80740,24
100,57,1,40369,80732,24
100,58,113,40370,80732,616
100,59,184,40369,80731,23
100,60,1,40367,80730,24
100,61,1,40368,80732,23
100,62,1,40400,80740,28
100,63,7,40366,80752,25
100,64,3,40368,80735,24
100,65,77,40369,80737,24
100,66,197,40366,80732,23
100,67,2,40367,80732,23
100,68,1,40367,80732,23
100,69,1,40365,80749,23
100,70,1,40365,80731,23
100,71,1,40366,80743,26
100,72,5,40383,80754,23
100,73,641,40375,80741,584
100,74,221,40371,80734,23
100,75,1,40367,80736,24
100,76,1,40375,80743,23
100,77,1,40365,80735,23
100,78,1,40368,80748,23
100,79,1,40373,80736,23
100,80,1,40370,80750,24
100,81,5,40366,80734,23
100,82,95,40370,80739,598
100,83,248,40372,80737,23
100,84,2,40369,80732,24
100,85,1,40366,80734,24
100,86,1,40366,80748,28
100,87,3,40368,80731,26
100,88,1,40367,80743,24
100,89,1,40365,80732,23
100,90,1,40366,80732,24
100,91,1,40367,80731,26
100,92,640,40367,80734,589
100,93,291,40366,80732,25
100,94,2,40366,80748,24
100,95,4,40369,80736,23
100,96,1,40367,80732,23
100,97,1,40377,80732,23
100,98,1,40367,80733,23
100,99,1,40366,80736,23
100,100,1,40366,80732,24
200,1,1,80737,161468,54
200,2,110,80736,161462,1180
200,3,330,80746,161478,50
200,4,4,80733,161465,48
200,5,1,80733,161468,49
200,6,60,80756,161468,1162
200,7,7,80746,161465,1162
200,8,29,80732,161463,1155
200,9,109,80735,161463,1197
200,10,412,80759,161477,52
200,11,6,80739,161487,50
200,12,4,80734,161470,49
200,13,14,80734,161465,53
200,14,1,80748,161472,53
200,15,4,80733,161489,52
200,16,90,80739,161471,51
200,17,387,80739,161468,48
200,18,2,80736,161484,48
200,19,1,80738,161472,49
200,20,1,80737,161468,48
200,21,1,80734,161474,48
200,22,0,80735,161490,58
200,23,8,80733,161471,50
200,24,700,80744,161468,1194
200,25,457,80734,161469,49
200,26,2,80733,161496,54
200,27,8,80735,161464,55
200,28,2,80746,161483,54
200,29,5,80735,161472,53
200,30,1,80736,161468,53
200,31,1,80750,161467,52
200,32,5,80741,161481,53
200,33,106,80736,161480,1190
200,34,512,80734,161485,49
200,35,1,80754,161468,51
200,36,5,80733,161481,55
200,37,4,80735,161467,54
200,38,1,80733,161468,56
200,39,1,80750,161466,55
200,40,3,80731,161469,49
200,41,1,80734,161462,55
200,42,1,80731,161470,50
200,43,717,80733,161465,1149
200,44,597,80735,161469,50
200,45,2,80735,161464,50
200,46,1,80731,161465,49
200,47,1,80755,161468,56
200,48,9,80734,161466,55
200,49,1,80736,161476,56
200,50,6,80738,161464,49
200,51,1,80732,161488,54
200,52,7,80734,161462,51
200,53,1,80739,161467,54
200,54,22,80732,161461,1192
200,55,116,80736,161500,1216
200,56,709,80736,161465,51
200,57,2,80732,161473,50
200,58,1,80732,161467,50
200,59,1,80732,161496,54
200,60,7,80736,161461,54
200,61,1,80734,161463,53
200,62,1,80754,161472,53
200,63,5,80747,161503,55
200,64,4,80733,161464,50
200,65,1,80733,161459,54
200,66,1,80735,161477,53
200,67,2,80734,161474,50
200,68,769,80749,161471,1183
200,69,756,80734,161469,51
200,70,1,80733,161488,52
200,71,5,80735,161461,51
200,72,1,80740,161470,49
200,73,2,80730,161465,48
200,74,0,80731,161465,48
200,75,1,80735,161463,49
200,76,1,80731,161504,56
200,77,8,80732,161463,49
200,78,1,80732,161468,53
200,79,1,80735,161460,53
200,80,1,80731,161495,51
200,81,6,80733,161467,49
200,82,19,80732,161473,1239
200,83,113,80747,161471,1186
200,84,875,80736,161497,52
200,85,8,80734,161468,50
200,86,1,80732,161465,53
200,87,1,80740,161473,55
200,88,5,80732,161477,54
200,89,4,80735,161467,54
200,90,2,80737,161467,49
200,91,1,80731,161477,53
200,92,1,80732,161475,51
200,93,4,80732,161462,52
200,94,1,80742,161463,53
200,95,1,80732,161472,50
200,96,1,80734,161464,49
200,97,1,80734,161461,55
200,98,1,80732,161462,49
200,99,84,80733,161470,1193
200,100,926,80731,161465,53
300,1,1,121112,242205,606
300,2,16,121105,242207,77
300,3,7,121098,242224,79
300,4,19,121106,242220,72
300,5,7,121106,242228,74
300,6,4,121108,242216,1119
300,7,12,121102,242204,73
300,8,5,121099,242215,73
300,9,15,121114,242217,76
300,10,23,121101,242202,72
300,11,27,121099,242206,1691
300,12,110,121125,242200,1697
300,13,1010,121103,242202,73
300,14,2,121116,242214,77
300,15,6,121100,242199,74
300,16,1,121097,242206,72
300,17,1,121099,242226,76
300,18,7,121100,242200,71
300,19,3,121101,242202,72
300,20,1,121100,242208,71
300,21,1,121096,242201,76
300,22,1,121094,242234,74
300,23,4,121109,242211,71
300,24,20,121106,242206,1709
300,25,749,121107,242251,1698
300,26,1058,121109,242209,73
300,27,2,121107,242218,74
300,28,4,121101,242232,81
300,29,8,121103,242198,72
300,30,1,121100,242198,71
300,31,1,121113,242205,73
300,32,6,121098,242197,71
300,33,1,121099,242202,71
300,34,1,121124,242205,76
300,35,7,121098,242201,71
300,36,1,121113,242236,74
300,37,6,121100,242204,72
300,38,3,121102,242226,78
300,39,143,121113,242213,1679
300,40,1127,121101,242201,75
300,41,2,121099,242203,75
300,42,1,121118,242203,75
300,43,5,121099,242198,72
300,44,2,121100,242201,71
300,45,1,121135,242222,74
300,46,6,121110,242206,72
300,47,1,121101,242223,74
300,48,6,121100,242203,76
300,49,1,121099,242196,72
300,50,1,121102,242222,73
300,51,4,121106,242203,71
300,52,1,121100,242194,76
300,53,1,121117,242201,76
300,54,125,121103,242199,1679
300,55,1194,121101,242197,75
300,56,2,121103,242192,70
300,57,1,121099,242196,71
300,58,1,121097,242215,76
300,59,8,121099,242202,71
300,60,1,121101,242197,71
300,61,1,121100,242237,73
300,62,6,121104,242212,71
300,63,1,121105,242197,74
300,64,1,121135,242206,75
300,65,8,121104,242197,72
300,66,1,121102,242218,74
300,67,7,121106,242203,77
300,68,1,121100,242207,72
300,69,1,121098,242231,75
300,70,90,121105,242201,1690
300,71,1276,121106,242202,74
300,72,2,121099,242252,73
300,73,6,121107,242211,72
300,74,1,121120,242200,72
300,75,1,121118,242209,77
300,76,6,121100,242213,73
300,77,5,121103,242221,74
300,78,6,121106,242196,71
300,79,2,121105,242200,75
300,80,1,121098,242235,74
300,81,5,121106,242198,71
300,82,1,121106,242210,71
300,83,1,121102,242237,79
300,84,5,121103,242202,71
300,85,1,121097,242196,71
300,86,1,121126,242201,75
300,87,757,121103,242204,1713
300,88,1363,121104,242229,78
300,89,8,121109,242208,76
300,90,1,121104,242216,82
300,91,5,121099,242211,76
300,92,7,121099,242198,72
300,93,1,121102,242196,71
300,94,1,121099,242222,72
300,95,5,121101,242197,72
300,96,1,121102,242203,76
300,97,4,121120,242200,72
300,98,5,121103,242202,71
300,99,1,121102,242201,72
300,100,1,121112,242213,79
400,1,26,161473,322948,102
400,2,6,161478,322944,102
400,3,13,161467,322933,2379
400,4,120,161477,322953,2380
400,5,1460,161474,322936,108
400,6,8,161466,322975,110
400,7,16,161465,322940,102
400,8,11,161472,322962,106
400,9,21,161467,322946,106
400,10,3,161468,322977,102
400,11,23,161466,322937,101
400,12,6,161465,322948,108
400,13,8,161473,322940,101
400,14,1,161463,322948,101
400,15,20,161468,322939,101
400,16,40,161481,322944,2373
400,17,17,161470,322927,2330
400,18,8,161470,322944,2352
400,19,113,161469,322925,2304
400,20,1676,161467,322943,107
400,21,7,161505,322931,101
400,22,1,161477,322953,103
400,23,6,161475,322936,101
400,24,1,161470,322941,106
400,25,4,161467,322932,103
400,26,3,161464,322932,102
400,27,1,161479,322968,107
400,28,6,161466,322946,102
400,29,1,161487,322933,104
400,30,8,161465,322930,101
400,31,20,161466,322935,103
400,32,15,161472,322936,792
400,33,2,161486,322967,103
400,34,6,161471,322933,102
400,35,1,161470,322956,103
400,36,789,161467,322941,2335
400,37,1892,161469,322964,111
400,38,8,161465,322930,101
400,39,1,161471,322964,105
400,40,7,161467,322927,100
400,41,1,161468,322930,104
400,42,1,161467,322924,101
400,43,1,161466,322942,103
400,44,6,161472,322936,104
400,45,1,161465,322972,103
400,46,5,161471,322939,101
400,47,1,161465,322991,102
400,48,4,161469,322939,101
400,49,1,161462,322962,106
400,50,6,161471,322953,101
400,51,1,161470,322953,104
400,52,6,161471,322943,101
400,53,1,161472,323051,114
400,54,54,161476,322936,2337
400,55,118,161472,322954,2364
400,56,2130,161473,322961,109
400,57,7,161486,322958,105
400,58,7,161481,322936,102
400,59,2,161466,322929,101
400,60,1,161483,322937,106
400,61,5,161466,322931,101
400,62,3,161485,322938,103
400,63,6,161473,322936,106
400,64,1,161488,322937,104
400,65,7,161480,322943,102
400,66,1,161502,322938,105
400,67,8,161469,322937,101
400,68,1,161464,322938,102
400,69,2,161464,322944,103
400,70,5,161468,322950,103
400,71,5,161470,322931,101
400,72,1,161464,322958,114
400,73,8,161467,322927,107
400,74,1,161460,322954,103
400,75,28,161476,322949,2358
400,76,770,161478,322954,2341
400,77,2334,161472,322940,106
400,78,2,161474,322954,107
400,79,6,161476,322941,102
400,80,1,161485,322940,105
400,81,9,161468,322933,102
400,82,1,161474,322988,103
400,83,7,161475,322945,101
400,84,1,161477,322969,108
400,85,8,161471,322941,103
400,86,1,161466,322961,105
400,87,8,161477,322939,101
400,88,1,161473,322956,103
400,89,6,161468,322932,102
400,90,1,161463,322964,103
400,91,5,161470,322952,101
400,92,1,161473,322959,103
400,93,4,161478,322937,108
400,94,3,161462,322949,109
400,95,1,161489,322936,105
400,96,8,161467,322948,101
400,97,1,161477,322929,102
400,98,31,161464,322935,2347
400,99,10,161489,322956,2368
400,100,119,161483,322960,2341
500,1,2672,201862,403672,517
500,2,20,201832,403695,117
500,3,8,201830,403683,121
500,4,20,201849,403694,120
500,5,14,201835,403684,116
500,6,1,201869,403669,492
500,7,12,201840,403689,119
500,8,22,201832,403663,116
500,9,6,201843,403688,119
500,10,21,201834,403675,116
500,11,1,201858,403688,1151
500,12,15,201848,403710,118
500,13,22,201836,403665,116
500,14,7,201837,403687,120
500,15,27,201837,403685,120
500,16,6,201860,403673,120
500,17,27,201832,403700,120
500,18,6,201842,403668,1421
500,19,10,201851,403693,124
500,20,20,201838,403690,118
500,21,110,201850,403675,2695
500,22,2588,201836,403705,119
500,23,9,201839,403660,117
500,24,2,201854,403679,118
500,25,8,201840,403716,128
500,26,8,201850,403688,116
500,27,1,201837,403697,118
500,28,8,201834,403659,117
500,29,1,201845,403689,120
500,30,9,201834,403675,117
500,31,3,201841,403659,116
500,32,1,201829,403698,120
500,33,7,201842,403672,116
500,34,1,201865,403679,118
500,35,6,201833,403681,119
500,36,4,201840,403664,121
500,37,1,201830,403698,119
500,38,6,201836,403678,116
500,39,1,201861,403667,119
500,40,6,201833,403683,123
500,41,4,201842,403678,116
500,42,21,201835,403698,118
500,43,823,201844,403681,2702
500,44,2733,201857,403680,118
500,45,5,201834,403696,119
500,46,7,201843,403660,117
500,47,1,201829,403710,122
500,48,8,201839,403689,118
500,49,4,201870,403680,118
500,50,6,201837,403692,119
500,51,7,201841,403656,116
500,52,1,201834,403692,119
500,53,8,201834,403671,116
500,54,1,201830,403669,116
500,55,1,201833,403719,120
500,56,9,201851,403663,117
500,57,5,201833,403684,120
500,58,8,201833,403661,121
500,59,1,201848,403674,118
500,60,6,201834,403684,118
500,61,3,201836,403676,118
500,62,5,201833,403712,126
500,63,8,201846,403687,118
500,64,5,201841,403669,116
500,65,139,201837,403683,118
500,66,2729,201832,403675,122
500,67,5,201852,403673,116
500,68,4,201836,403702,120
500,69,7,201852,403694,118
500,70,1,201843,403685,116
500,71,1,201836,403684,118
500,72,6,201855,403678,118
500,73,6,201847,403686,118
500,74,6,201833,403673,116
500,75,1,201832,403690,117
500,76,3,201837,403659,116
500,77,2,201833,403657,116
500,78,1,201846,403670,117
500,79,2,201833,403690,118
500,80,6,201876,403690,123
500,81,5,201832,403682,117
500,82,3,201852,403689,116
500,83,1,201849,403690,119
500,84,7,201834,403675,122
500,85,3,201837,403674,118
500,86,2,201833,403656,115
500,87,1,201885,403694,1462
500,88,98,201850,403699,121
500,89,2840,201844,403675,120
500,90,2,201834,403686,119
500,91,8,201836,403662,115
500,92,1,201842,403669,121
500,93,6,201836,403705,120
500,94,7,201830,403666,116
500,95,3,201839,403661,115
500,96,1,201829,403659,117
500,97,1,201853,403663,118
500,98,4,201835,403711,122
500,99,6,201834,403662,115
500,100,3,201868,403691,118
600,1,26,242217,484452,149
600,2,5,242204,484408,155
600,3,22,242228,484423,156
600,4,25,242216,484436,147
600,5,21,242202,484434,149
600,6,27,242201,484401,149
600,7,16,242230,484410,148
600,8,21,242199,484425,150
600,9,6,242220,484424,145
600,10,118,242214,484429,3349
600,11,3030,242209,484424,150
600,12,26,242204,484487,148
600,13,18,242214,484417,149
600,14,5,242212,484394,147
600,15,12,242198,484428,150
600,16,5,242203,484417,156
600,17,25,242217,484428,168
600,18,26,242247,484423,149
600,19,24,242204,484443,149
600,20,22,242196,484401,146
600,21,2,242215,484407,151
600,22,4,242202,484440,151
600,23,8,242221,484425,149
600,24,9,242202,484398,153
600,25,1,242217,484419,147
600,26,7,242195,484450,148
600,27,5,242208,484428,147
600,28,27,242206,484394,3341
600,29,14,242217,484399,3276
600,30,101,242203,484399,3325
600,31,3112,242217,484411,150
600,32,10,242198,484389,146
600,33,1,242195,484414,150
600,34,6,242203,484425,148
600,35,6,242200,484397,146
600,36,1,242241,484420,156
600,37,9,242199,484457,150
600,38,7,242213,484416,149
600,39,7,242199,484428,146
600,40,4,242223,484399,148
600,41,6,242196,484410,153
600,42,1,242193,484413,150
600,43,9,242211,484422,145
600,44,2,242215,484433,154
600,45,9,242221,484422,149
600,46,8,242199,484396,147
600,47,1,242219,484399,148
600,48,26,242200,484415,150
600,49,28,242204,484420,150
600,50,31,242197,484401,147
600,51,43,242271,484402,3351
600,52,120,242204,484439,3374
600,53,3432,242200,484401,152
600,54,2,242239,484395,148
600,55,6,242200,484426,148
600,56,7,242198,484429,147
600,57,4,242206,484393,144
600,58,1,242202,484387,153
600,59,2,242196,484401,146
600,60,2,242194,484408,149
600,61,7,242204,484405,146
600,62,1,242215,484403,146
600,63,2,242200,484446,155
600,64,9,242211,484463,150
600,65,9,242226,484419,145
600,66,2,242208,484436,155
600,67,9,242215,484439,148
600,68,5,242205,484403,147
600,69,2,242240,484426,148
600,70,7,242206,484419,146
600,71,1,242215,484412,149
600,72,8,242217,484391,145
600,73,24,242207,484422,149
600,74,6,242213,484432,151
600,75,128,242207,484401,3352
600,76,3568,242234,484428,148
600,77,7,242208,484415,146
600,78,1,242203,484425,152
600,79,7,242204,484398,145
600,80,2,242212,484410,146
600,81,3,242201,484435,155
600,82,6,242219,484425,148
600,83,5,242202,484404,146
600,84,2,242218,484425,149
600,85,7,242210,484411,146
600,86,2,242215,484400,151
600,87,2,242225,484407,149
600,88,8,242208,484413,145
600,89,2,242197,484400,150
600,90,1,242201,484401,148
600,91,4,242215,484422,149
600,92,5,242198,484421,150
600,93,8,242216,484404,150
600,94,9,242198,484404,145
600,95,1,242223,484404,150
600,96,9,242206,484421,150
600,97,8,242201,484399,153
600,98,1,242227,484405,146
600,99,54,242197,484419,3355
600,100,135,242214,484436,3319
700,1,3890,282584,565177,665
700,2,19,282573,565129,178
700,3,8,282602,565124,174
700,4,9,282558,565201,176
700,5,12,282573,565150,177
700,6,1,282577,565182,179
700,7,29,282573,565177,180
700,8,19,282586,565137,175
700,9,22,282565,565151,183
700,10,17,282599,565165,177
700,11,46,282582,565156,184
700,12,19,282589,565159,180
700,13,20,282579,565156,179
700,14,25,282576,565146,178
700,15,19,282571,565133,177
700,16,17,282589,565143,177
700,17,3,282599,565143,181
700,18,23,282567,565156,184
700,19,22,282565,565164,179
700,20,25,282566,565129,177
700,21,39,282564,565129,3995
700,22,13,282592,565131,4012
700,23,114,282600,565174,4032
700,24,4255,282603,565136,182
700,25,10,282564,565168,183
700,26,9,282571,565175,177
700,27,9,282588,565186,179
700,28,9,282586,565138,178
700,29,4,282579,565127,176
700,30,3,282596,565168,181
700,31,9,282580,565184,180
700,32,9,282571,565169,183
700,33,5,282567,565176,179
700,34,8,282580,565183,184
700,35,8,282583,565134,176
700,36,4,282586,565157,178
700,37,3,282603,565172,179
700,38,8,282581,565167,177
700,39,7,282563,565164,178
700,40,7,282573,565147,177
700,41,3,282566,565139,182
700,42,6,282597,565129,178
700,43,7,282609,565158,179
700,44,27,282594,565167,179
700,45,6,282570,565172,180
700,46,4,282585,565170,178
700,47,30,282564,565163,4035
700,48,122,282592,565149,4024
700,49,4650,282596,565139,178
700,50,5,282610,565147,181
700,51,9,282561,565138,177
700,52,5,282564,565143,180
700,53,7,282576,565133,175
700,54,1,282564,565172,179
700,55,8,282575,565168,176
700,56,2,282581,565133,178
700,57,9,282561,565130,176
700,58,1,282560,565160,176
700,59,6,282569,565159,183
700,60,4,282581,565161,177
700,61,5,282571,565144,176
700,62,2,282589,565165,178
700,63,6,282583,565147,177
700,64,6,282561,565141,175
700,65,1,282572,565144,177
700,66,2,282561,565140,181
700,67,4,282577,565142,177
700,68,4,282570,565135,174
700,69,1,282599,565163,178
700,70,6,282587,565146,182
700,71,8,282563,565153,180
700,72,8,282566,565165,180
700,73,6,282581,565160,178
700,74,68,282566,565150,4110
700,75,130,282611,565137,3997
700,76,5022,282592,565124,177
700,77,3,282567,565162,181
700,78,9,282570,565153,176
700,79,3,282581,565223,180
700,80,8,282574,565157,180
700,81,7,282566,565124,174
700,82,4,282593,565132,177
700,83,4,282592,565135,178
700,84,4,282564,565143,183
700,85,4,282571,565170,178
700,86,6,282576,565189,184
700,87,7,282566,565136,178
700,88,6,282599,565167,177
700,89,4,282593,565133,178
700,90,7,282569,565162,179
700,91,7,282590,565168,180
700,92,7,282576,565181,179
700,93,8,282566,565143,180
700,94,6,282586,565137,176
700,95,5,282578,565175,177
700,96,6,282588,565141,179
700,97,4,282570,565159,180
700,98,1,282568,565154,180
700,99,9,282566,565132,174
700,100,2,282567,565144,179
800,1,30,322944,645868,864
800,2,13,322967,645887,4652
800,3,17,322982,645893,4709
800,4,18,322959,645889,4655
800,5,94,322965,645902,4701
800,6,5695,322949,645868,209
800,7,21,322967,645915,208
800,8,19,322957,645872,208
800,9,15,322948,645878,208
800,10,19,322959,645873,208
800,11,5,322958,645869,216
800,12,19,322961,645907,214
800,13,18,322947,645889,207
800,14,18,322931,645904,212
800,15,15,322934,645890,204
800,16,13,322934,645860,203
800,17,8,322933,645899,208
800,18,25,322935,645892,209
800,19,30,322940,645890,214
800,20,26,322934,645887,208
800,21,28,322937,645863,205
800,22,1,322931,645893,2175
800,23,17,322940,645878,212
800,24,22,322937,645877,207
800,25,20,322930,645870,207
800,26,8,322926,645894,208
800,27,25,322976,645909,212
800,28,26,322950,645913,209
800,29,28,322935,645888,208
800,30,21,322934,645881,207
800,31,39,322938,645888,4679
800,32,20,322939,645898,4707
800,33,42,322932,645871,4678
800,34,124,322933,645874,4799
800,35,6262,322948,645899,211
800,36,2,322965,645894,207
800,37,6,322950,645864,209
800,38,5,322972,645912,209
800,39,10,322961,645877,209
800,40,7,322957,645901,215
800,41,7,322976,645873,215
800,42,6,322961,645889,207
800,43,8,322977,645869,213
800,44,9,322948,645869,210
800,45,8,322962,645920,208
800,46,9,322950,645888,206
800,47,7,322947,645891,208
800,48,8,322943,645892,216
800,49,9,322932,645896,209
800,50,9,322930,645936,208
800,51,4,322947,645898,207
800,52,4,322937,645912,213
800,53,8,322947,645894,206
800,54,1,322942,645900,208
800,55,5,322932,645904,206
800,56,5,322938,645911,208
800,57,5,322958,645884,209
800,58,9,322940,645907,209
800,59,8,322935,645908,209
800,60,28,322954,645905,207
800,61,7,322937,645938,210
800,62,7,322935,645891,205
800,63,1,322933,645884,209
800,64,32,322933,645911,4681
800,65,30,322965,645920,4711
800,66,957,322939,645882,4881
800,67,7018,322948,645885,207
800,68,9,322959,645897,205
800,69,2,322984,645895,210
800,70,8,322991,645913,208
800,71,10,322960,645873,211
800,72,7,322941,645861,212
800,73,5,322945,645894,216
800,74,9,322955,645899,207
800,75,7,322946,645882,209
800,76,5,322962,645878,205
800,77,5,322964,645887,209
800,78,5,322970,645876,208
800,79,9,322961,645867,208
800,80,8,322930,645910,213
800,81,8,322946,645885,209
800,82,10,322938,645916,207
800,83,5,322944,645921,208
800,84,7,322951,645893,214
800,85,9,322936,645883,209
800,86,10,322937,645888,209
800,87,9,322934,645901,210
800,88,9,322935,645888,210
800,89,6,322933,645890,208
800,90,7,322934,645900,206
800,91,5,322965,645917,207
800,92,7,322933,645890,206
800,93,6,322936,645890,208
800,94,5,322942,645892,209
800,95,8,322950,645946,207
800,96,7,322934,645903,209
800,97,8,322954,645928,211
800,98,9,322931,645894,212
800,99,30,322952,645919,4751
800,100,18,322951,645908,4771
900,1,26,363307,726611,5431
900,2,133,363305,726623,5392
900,3,7819,363314,726625,243
900,4,27,363315,726634,239
900,5,18,363315,726622,235
900,6,12,363309,726638,238
900,7,17,363328,726628,242
900,8,3,363329,726610,238
900,9,18,363321,726603,245
900,10,21,363327,726599,236
900,11,26,363318,726651,236
900,12,22,363319,726637,237
900,13,3,363312,726643,241
900,14,28,363292,726619,241
900,15,26,363306,726629,239
900,16,18,363301,726630,238
900,17,30,363301,726638,243
900,18,25,363304,726636,236
900,19,12,363325,726617,237
900,20,4,363324,726595,971
900,21,19,363361,726633,239
900,22,27,363342,726620,238
900,23,25,363323,726641,239
900,24,26,363305,726648,238
900,25,5,363301,726633,241
900,26,29,363305,726614,237
900,27,7,363294,726612,235
900,28,11,363296,726638,237
900,29,12,363297,726634,238
900,30,24,363351,726636,237
900,31,6,363331,726608,4113
900,32,18,363324,726620,241
900,33,30,363325,726622,239
900,34,30,363315,726618,235
900,35,31,363302,726611,5349
900,36,14,363307,726663,5361
900,37,42,363314,726606,5331
900,38,127,363307,726617,5384
900,39,8855,363306,726645,237
900,40,9,363314,726640,237
900,41,6,363317,726622,239
900,42,4,363342,726598,237
900,43,9,363302,726603,242
900,44,1,363313,726630,238
900,45,10,363300,726639,245
900,46,10,363301,726640,239
900,47,10,363310,726654,238
900,48,9,363307,726622,237
900,49,5,363307,726639,235
900,50,7,363306,726644,238
900,51,2,363314,726631,237
900,52,7,363330,726603,237
900,53,7,363322,726590,237
900,54,1,363307,726598,236
900,55,6,363310,726601,237
900,56,2,363296,726618,237
900,57,5,363303,726637,236
900,58,3,363295,726635,238
900,59,10,363312,726630,239
900,60,10,363307,726621,235
900,61,3,363299,726666,240
900,62,8,363323,726655,238
900,63,2,363330,726602,239
900,64,9,363349,726603,239
900,65,9,363327,726635,236
900,66,7,363336,726617,239
900,67,7,363327,726619,243
900,68,10,363307,726627,240
900,69,10,363304,726632,239
900,70,9,363298,726616,235
900,71,23,363295,726646,239
900,72,30,363302,726645,237
900,73,25,363300,726668,239
900,74,7,363343,726608,2182
900,75,7,363340,726605,236
900,76,26,363324,726597,5339
900,77,21,363339,726609,5406
900,78,22,363302,726631,5391
900,79,119,363300,726660,5365
900,80,10092,363308,726632,239
900,81,6,363300,726627,238
900,82,11,363322,726638,235
900,83,2,363312,726641,237
900,84,7,363308,726624,243
900,85,4,363322,726598,236
900,86,3,363321,726602,243
900,87,8,363337,726631,238
900,88,7,363332,726603,236
900,89,5,363321,726633,237
900,90,4,363298,726630,237
900,91,8,363302,726628,243
900,92,10,363302,726623,238
900,93,9,363318,726625,238
900,94,7,363303,726650,241
900,95,6,363303,726626,238
900,96,10,363301,726638,237
900,97,4,363323,726628,238
900,98,7,363336,726619,239
900,99,10,363339,726617,258
900,100,4,363328,726654,238
1000,1,7,403682,807359,237
1000,2,6,403686,807385,242
1000,3,9,403663,807337,238
1000,4,1,403683,807352,236
1000,5,7,403698,807399,239
1000,6,9,403676,807361,237
1000,7,7,403671,807360,236
1000,8,2,403664,807367,240
1000,9,10,403682,807354,240
1000,10,8,403667,807361,239
1000,11,6,403683,807357,236
1000,12,6,403672,807373,240
1000,13,7,403698,807352,238
1000,14,11,403697,807383,239
1000,15,5,403684,807347,242
1000,16,8,403682,807364,238
1000,17,4,403673,807361,239
1000,18,7,403688,807338,238
1000,19,8,403683,807355,239
1000,20,7,403677,807363,238
1000,21,30,403666,807375,5344
1000,22,6,403678,807430,5376
1000,23,1019,403667,807339,5327
1000,24,10806,403700,807390,239
1000,25,15,403673,807381,239
1000,26,7,403679,807393,237
1000,27,7,403680,807355,234
1000,28,5,403700,807394,244
1000,29,6,403670,807392,238
1000,30,8,403692,807362,241
1000,31,8,403686,807348,239
1000,32,8,403689,807345,237
1000,33,7,403695,807362,240
1000,34,7,403669,807367,240
1000,35,10,403674,807372,242
1000,36,10,403688,807351,237
1000,37,7,403706,807363,237
1000,38,9,403690,807383,242
1000,39,9,403672,807366,238
1000,40,9,403682,807361,236
1000,41,5,403700,807374,238
1000,42,10,403716,807366,240
1000,43,10,403694,807380,237
1000,44,7,403668,807355,237
1000,45,7,403675,807333,236
1000,46,1,403680,807346,240
1000,47,8,403707,807382,240
1000,48,8,403693,807379,237
1000,49,8,403665,807366,238
1000,50,10,403696,807381,239
1000,51,10,403695,807348,237
1000,52,5,403738,807378,243
1000,53,10,403679,807377,241
1000,54,6,403675,807366,236
1000,55,6,403669,807372,239
1000,56,6,403687,807336,235
1000,57,4,403687,807366,237
1000,58,8,403669,807359,238
1000,59,5,403668,807355,242
1000,60,8,403674,807402,240
1000,61,8,403707,807350,238
1000,62,8,403690,807357,238
1000,63,10,403683,807377,236
1000,64,5,403690,807352,237
1000,65,4,403669,807333,234
1000,66,1,403713,807384,237
1000,67,6,403670,807356,239
1000,68,986,403668,807367,5313
1000,69,11029,403678,807366,239
1000,70,13,403684,807341,236
1000,71,2,403693,807361,239
1000,72,11,403681,807382,237
1000,73,7,403677,807414,245
1000,74,6,403687,807386,235
1000,75,4,403707,807385,244
1000,76,10,403693,807374,237
1000,77,8,403663,807374,238
1000,78,6,403673,807390,239
1000,79,7,403721,807365,236
1000,80,8,403699,807358,242
1000,81,8,403686,807405,237
1000,82,6,403691,807385,236
1000,83,7,403690,807387,240
1000,84,5,403666,807339,237
1000,85,6,403751,807389,238
1000,86,7,403673,807352,238
1000,87,10,403678,807390,238
1000,88,8,403666,807384,238
1000,89,10,403682,807350,239
1000,90,10,403708,807355,239
1000,91,7,403698,807410,240
1000,92,9,403699,807375,241
1000,93,9,403674,807388,238
1000,94,10,403682,807350,238
1000,95,11,403695,807351,239
1000,96,10,403672,807374,238
1000,97,7,403670,807358,241
1000,98,10,403686,807366,238
1000,99,8,403695,807380,240
1000,100,10,403670,807340,235
